INSERT INTO `categories` (`id`, `name`, `created_at`, `updated_at`) VALUES (10, 'Cameras', '2020-01-09 16:07:08', '2020-01-09 16:07:08');
INSERT INTO `categories` (`id`, `name`, `created_at`, `updated_at`) VALUES (2, 'Desktop Computers', '2020-01-09 16:07:08', '2020-01-09 16:07:08');
INSERT INTO `categories` (`id`, `name`, `created_at`, `updated_at`) VALUES (9, 'Hard Drives', '2020-01-09 16:07:08', '2020-01-09 16:07:08');
INSERT INTO `categories` (`id`, `name`, `created_at`, `updated_at`) VALUES (4, 'Headphones', '2020-01-09 16:07:08', '2020-01-09 16:07:08');
INSERT INTO `categories` (`id`, `name`, `created_at`, `updated_at`) VALUES (12, 'iMac', '2020-01-09 16:07:08', '2020-01-09 16:07:08');
INSERT INTO `categories` (`id`, `name`, `created_at`, `updated_at`) VALUES (3, 'Keyboards', '2020-01-09 16:07:08', '2020-01-09 16:07:08');
INSERT INTO `categories` (`id`, `name`, `created_at`, `updated_at`) VALUES (8, 'Laptops', '2020-01-09 16:07:08', '2020-01-09 16:07:08');
INSERT INTO `categories` (`id`, `name`, `created_at`, `updated_at`) VALUES (7, 'Memory Cards', '2020-01-09 16:07:08', '2020-01-09 16:07:08');
INSERT INTO `categories` (`id`, `name`, `created_at`, `updated_at`) VALUES (6, 'Mice', '2020-01-09 16:07:08', '2020-01-09 16:07:08');
INSERT INTO `categories` (`id`, `name`, `created_at`, `updated_at`) VALUES (1, 'Monitors', '2020-01-09 16:07:08', '2020-01-09 16:07:08');
INSERT INTO `categories` (`id`, `name`, `created_at`, `updated_at`) VALUES (5, 'Smart TVs', '2020-01-09 16:07:08', '2020-01-09 16:07:08');
INSERT INTO `categories` (`id`, `name`, `created_at`, `updated_at`) VALUES (13, 'Smartphones', '2020-01-09 16:07:08', '2020-01-09 16:07:08');
INSERT INTO `categories` (`id`, `name`, `created_at`, `updated_at`) VALUES (11, 'Tablets', '2020-01-09 16:07:08', '2020-01-09 16:07:08');
INSERT INTO `products` (`id`, `name`, `stock`, `brand`, `imageurls`, `manufacturer`, `weight`, `created_at`, `updated_at`, `category_id`, `price_id`) VALUES (4, 'Samsung Gear Iconx - 2018 Edition - Cordfree - Fitness Earbuds - Black', 20, 'Samsung', 'product_pictures/BIRyWPf1J1VEqgZYRr1iXRNd0AOLqdgK4JLKgDn5.jpeg,', 'Samsung Electronics', '0.017 pounds', '2020-01-03 16:27:57', '2020-03-24 11:15:24', 4, 1);
INSERT INTO `products` (`id`, `name`, `stock`, `brand`, `imageurls`, `manufacturer`, `weight`, `created_at`, `updated_at`, `category_id`, `price_id`) VALUES (6, 'Acer Aspire E5-574-53QS 15.6 LED Notebook - Intel Core i5 (6th Gen) i5-6200U Dual-core (2 Core) 2.30 GHz - 4 GB DDR3L SDRAM RAM - 1 TB HDD - DVD-Writer - Intel HD Graphics 550 DDR3L SDRAM - W', 3, 'Acer', 'product_pictures/5bp1zDnMA2JKbj0i687tBig1KsFSaWzRcjvANBCY.jpeg,product_pictures/lFmqNHJk34uIW1K3JLAiFHfX9v0DUVU9fuXI27eC.jpeg,product_pictures/rFfWl7oRFWD1iJIeLcwMCdY6RDg7Vy3X54Dp7Ga6.jpeg,', 'Acer', '6.7 pounds', '2020-01-03 16:27:57', '2020-04-12 12:22:35', 8, 10);
INSERT INTO `products` (`id`, `name`, `stock`, `brand`, `imageurls`, `manufacturer`, `weight`, `created_at`, `updated_at`, `category_id`, `price_id`) VALUES (7, 'SanDisk - High Endurance 64GB microSDXC Memory Card', 20, 'SanDisk', 'product_pictures/u9TfmwshSClTfjtRmoN49tO28wOhdQ5fbNHZkQHY.jpeg,', 'SanDisk', '0.16 ounces', '2020-01-03 16:27:57', '2020-03-24 11:10:10', 7, 11);
INSERT INTO `products` (`id`, `name`, `stock`, `brand`, `imageurls`, `manufacturer`, `weight`, `created_at`, `updated_at`, `category_id`, `price_id`) VALUES (8, 'Gear 360 Spherical VR Camera', 10, 'Samsung', 'product_pictures/dOe4vnzzsBnm4SZC2Hh2E4h0AcZwdVdCPRJ9NSQM.jpeg,', 'Samsung Electronics', '5.4 oz', '2020-01-03 16:27:57', '2020-03-24 11:10:29', 10, 12);
INSERT INTO `products` (`id`, `name`, `stock`, `brand`, `imageurls`, `manufacturer`, `weight`, `created_at`, `updated_at`, `category_id`, `price_id`) VALUES (9, 'Sony - WH-CH700N Wireless Noise Canceling Over-the-Ear Headphones - Black', 20, 'Sony', 'product_pictures/ColHMAF0wnds64r7B7W2f5soHuhbmg7WYUgbc60P.jpeg,', 'Sony', '0.53 pounds', '2020-01-03 16:27:58', '2020-03-24 11:11:07', 4, 13);
INSERT INTO `products` (`id`, `name`, `stock`, `brand`, `imageurls`, `manufacturer`, `weight`, `created_at`, `updated_at`, `category_id`, `price_id`) VALUES (11, '27 iMac with Retina 5K Display (Mid 2017)', 2, 'Apple', 'product_pictures/CHII6LCKO7mTbkfHVVunehMwAYWC3KE9mp9FF1O0.jpeg,', 'Apple', '20.8 lb', '2020-01-03 16:27:58', '2020-03-24 11:11:30', 12, 14);
INSERT INTO `products` (`id`, `name`, `stock`, `brand`, `imageurls`, `manufacturer`, `weight`, `created_at`, `updated_at`, `category_id`, `price_id`) VALUES (12, 'Samsung - 850 PRO 512GB Internal SATA III Solid State Drive for Laptops', 4, 'Samsung', 'product_pictures/9eoy4XCY1a7lqPyZGYPhkIa20x55TLbg9vqXTlJr.jpeg,', 'Samsung Electronics', '0.14 ounces', '2020-01-03 16:27:58', '2020-03-24 11:11:45', 9, 15);
INSERT INTO `products` (`id`, `name`, `stock`, `brand`, `imageurls`, `manufacturer`, `weight`, `created_at`, `updated_at`, `category_id`, `price_id`) VALUES (13, 'Apple - Pre-Owned iPad mini 4 - 16GB - Space gray', 4, 'Apple', 'product_pictures/MOerFdMF45aSBqUBbc5ZQypAFcjTn7U7q8WisDBf.jpeg,', 'Apple', '16.48 ounces', '2020-01-03 16:27:58', '2020-03-24 11:12:06', 11, 16);
INSERT INTO `products` (`id`, `name`, `stock`, `brand`, `imageurls`, `manufacturer`, `weight`, `created_at`, `updated_at`, `category_id`, `price_id`) VALUES (14, 'Samsung - 960 EVO 250GB Internal PCI Express 3.0 x4 (NVMe) Solid State Drive for Laptops', 8, 'Samsung', 'product_pictures/6iOYb1HyYPeB56QPHRzjxvRnyoJ9BBb9UoBBnym4.jpeg,', 'Samsung Electronics', '0.02 ounces', '2020-01-03 16:27:58', '2020-03-24 11:12:30', 9, 17);
INSERT INTO `products` (`id`, `name`, `stock`, `brand`, `imageurls`, `manufacturer`, `weight`, `created_at`, `updated_at`, `category_id`, `price_id`) VALUES (17, '12-inch MacBook (Mid 2017, Gold)', 4, 'Apple', 'product_pictures/rPeJDYCQwpmLRwCW2tKAcv5pXBgXE4MegcMhDsxz.jpeg,', 'Apple', '2.03 lb', '2020-01-03 16:27:59', '2020-03-24 11:12:45', 8, 18);
INSERT INTO `products` (`id`, `name`, `stock`, `brand`, `imageurls`, `manufacturer`, `weight`, `created_at`, `updated_at`, `category_id`, `price_id`) VALUES (18, 'Samsung - J5202 Series - 43Inch - Full HD - Smart LED TV', 4, 'Samsung', 'product_pictures/zfRddCK3fAtZCV8CmdbxEyKUdFG9NRQrFd09NTR8.webp,', 'Samsung Electronics', '17.2 lb', '2020-01-03 16:27:59', '2020-03-24 11:12:58', 5, 19);
INSERT INTO `products` (`id`, `name`, `stock`, `brand`, `imageurls`, `manufacturer`, `weight`, `created_at`, `updated_at`, `category_id`, `price_id`) VALUES (19, 'Samsung - 960 PRO 512GB Internal PCI Express 3.0 x4 (NVMe) Solid State Drive for Laptops', 20, 'Samsung', 'product_pictures/1omtp70IOq5KbmJo0jn0x6t6Pmx6H0UTePcB8C5C.jpeg,', 'Samsung Electronics', '0.02 ounces', '2020-01-03 16:27:59', '2020-03-24 11:13:13', 9, 20);
INSERT INTO `products` (`id`, `name`, `stock`, `brand`, `imageurls`, `manufacturer`, `weight`, `created_at`, `updated_at`, `category_id`, `price_id`) VALUES (20, 'Samsung EVO+ 256GB UHS-I microSDXC U3 Memory Card with Adapter (MB-MC256DA/AM)', 100, 'Samsung', 'product_pictures/L12FbjacOY918ZzV47lfzLcYi5argWCOEArcKiK5.jpeg,', 'Samsung Electronics', '0.16 ounces', '2020-01-03 16:27:59', '2020-03-24 11:13:33', 7, 21);
INSERT INTO `products` (`id`, `name`, `stock`, `brand`, `imageurls`, `manufacturer`, `weight`, `created_at`, `updated_at`, `category_id`, `price_id`) VALUES (112, 'Acer R240HY bidx - 23.8Inch - IPS HDMI DVI VGA - 1920 x 1080', 10, 'Acer', 'product_pictures/RYWTGvbfDcGN5P95z4S858xIjqNhiOAATbwLSbpY.jpeg,product_pictures/BNKSc60i73ce3dwp01ryAs04E1XjseN1dXPN0a37.jpeg,', 'Acer', '6.4 lb', '2020-02-24 16:36:54', '2020-03-24 11:14:01', 1, 22);
INSERT INTO `products` (`id`, `name`, `stock`, `brand`, `imageurls`, `manufacturer`, `weight`, `created_at`, `updated_at`, `category_id`, `price_id`) VALUES (115, 'Dell Inspiron i3583 15.6" HD Touch-Screen Laptop - Intel i5-8265U - 8GB DDR4-256GB SSD - Windows 10 - Wireless-AC - Bluetooth, SD Card Reader, HDMI & USB 3.1 -Waves MaxxAudio Pro- Black', 6, 'Dell', 'product_pictures/gIrQKB5QeX0MPZDTqVQ6BKGnPWdvGK1Zg926KfFp.jpeg,product_pictures/pHfpsHQeQSvLLD14heDhZqzxAO3zDpWtBhNdmbek.jpeg,product_pictures/xNlpNz2IjOKGTeYQpdMzNxHjAoCRFjdrQAYPyg6X.jpeg,', 'Dell', '4.4 lb', '2020-03-05 16:55:16', '2020-04-03 15:51:36', 8, 23);
INSERT INTO `products` (`id`, `name`, `stock`, `brand`, `imageurls`, `manufacturer`, `weight`, `created_at`, `updated_at`, `category_id`, `price_id`) VALUES (116, 'iBUYPOWER Gaming PC - Computer Desktop - Element 9260 (Intel Core i7-9700F 3.0Ghz, NVIDIA GeForce GTX 1660 Ti 6GB, 16GB DDR4, 240GB SSD, 1TB HDD, WiFi & Windows 10 Home) - Black', 2, 'iBUYPOWER', 'product_pictures/AHZ2YdzubOvtqA7GD5p5t1bE2BQ6sUmHER6v13X3.jpeg,product_pictures/V4vBWw55asx86pDOJ9g2C6fA71lD4i0QLozvHIbk.jpeg,product_pictures/Pl0QA8PRHj5uQFTWNqFxtY1YH0gcTRKRM2DR3e2W.jpeg,', 'iBUYPOWER', '32 lbs', '2020-03-27 12:14:33', '2020-04-03 15:49:22', 2, 24);
INSERT INTO `prices` (`id`, `prix_achat`, `prix_vente`, `product_id`, `created_at`, `updated_at`) VALUES (24, 190000, 210000, 116, '2020-03-27 12:14:33', '2020-03-27 12:14:33');
INSERT INTO `prices` (`id`, `prix_achat`, `prix_vente`, `product_id`, `created_at`, `updated_at`) VALUES (23, 58000, 62000, 115, '2020-03-24 11:14:18', '2020-03-24 11:14:18');
INSERT INTO `prices` (`id`, `prix_achat`, `prix_vente`, `product_id`, `created_at`, `updated_at`) VALUES (22, 8000, 10000, 112, '2020-03-24 11:14:01', '2020-03-24 11:14:01');
INSERT INTO `prices` (`id`, `prix_achat`, `prix_vente`, `product_id`, `created_at`, `updated_at`) VALUES (21, 1500, 2000, 20, '2020-03-24 11:13:33', '2020-03-24 11:13:33');
INSERT INTO `prices` (`id`, `prix_achat`, `prix_vente`, `product_id`, `created_at`, `updated_at`) VALUES (20, 2300, 3000, 19, '2020-03-24 11:13:13', '2020-03-24 11:13:13');
INSERT INTO `prices` (`id`, `prix_achat`, `prix_vente`, `product_id`, `created_at`, `updated_at`) VALUES (19, 55000, 60000, 18, '2020-03-24 11:12:58', '2020-03-24 11:12:58');
INSERT INTO `prices` (`id`, `prix_achat`, `prix_vente`, `product_id`, `created_at`, `updated_at`) VALUES (18, 110000, 120000, 17, '2020-03-24 11:12:45', '2020-03-24 11:12:45');
INSERT INTO `prices` (`id`, `prix_achat`, `prix_vente`, `product_id`, `created_at`, `updated_at`) VALUES (17, 4000, 5000, 14, '2020-03-24 11:12:29', '2020-03-24 11:12:29');
INSERT INTO `prices` (`id`, `prix_achat`, `prix_vente`, `product_id`, `created_at`, `updated_at`) VALUES (16, 20000, 25000, 13, '2020-03-24 11:12:05', '2020-03-24 11:12:05');
INSERT INTO `prices` (`id`, `prix_achat`, `prix_vente`, `product_id`, `created_at`, `updated_at`) VALUES (15, 6000, 8000, 12, '2020-03-24 11:11:45', '2020-03-24 11:11:45');
INSERT INTO `prices` (`id`, `prix_achat`, `prix_vente`, `product_id`, `created_at`, `updated_at`) VALUES (14, 90000, 100000, 11, '2020-03-24 11:11:30', '2020-03-24 11:11:30');
INSERT INTO `prices` (`id`, `prix_achat`, `prix_vente`, `product_id`, `created_at`, `updated_at`) VALUES (13, 5000, 6000, 9, '2020-03-24 11:11:07', '2020-03-24 11:11:07');
INSERT INTO `prices` (`id`, `prix_achat`, `prix_vente`, `product_id`, `created_at`, `updated_at`) VALUES (12, 10000, 12000, 8, '2020-03-24 11:10:29', '2020-03-24 11:10:29');
INSERT INTO `prices` (`id`, `prix_achat`, `prix_vente`, `product_id`, `created_at`, `updated_at`) VALUES (11, 800, 1200, 7, '2020-03-24 11:10:10', '2020-03-24 11:10:10');
INSERT INTO `prices` (`id`, `prix_achat`, `prix_vente`, `product_id`, `created_at`, `updated_at`) VALUES (10, 50000, 58000, 6, '2020-03-24 11:09:42', '2020-03-24 11:09:42');
INSERT INTO `prices` (`id`, `prix_achat`, `prix_vente`, `product_id`, `created_at`, `updated_at`) VALUES (1, 2100, 3000, 4, '2020-03-22 18:37:40', '2020-03-24 11:15:24');
